T	qeff	qgeom	cal_hole	cal_radius	cal_fab
0.13315238630621856	0.7	0.0001547050205059907	116.0	95.58620689655173	101.0312624672578