T,qeff,geomeff,cal_hole,cal_radius,cal_fab,Rgem,Rtubo,RCSDA
0.13315238630621856,0.7,0.0001547050205059907,116.0,95.58620689655173,12.62890781,7.25,8.,4.594315297309939
