T,qeff,geomeff,cal_hole,cal_radius,cal_fab,Rgem,Rtubo,RCSDA
0.5,0.7,0.0001547050205059907,116.0,95.58620689655173,7.843137254901961,7.25,8.,4.594315297309939
